{"cameraMode":{"drawMode":0,"name":"Shaded","section":"Shading Mode"},"sceneLighting":true,"audioPlay":false,"sceneViewState":{"showFog":true,"showMaterialUpdate":false,"showSkybox":true,"showFlares":true,"showImageEffects":true,"showParticleSystems":true},"in2DMode":false,"pivot":{"x":-109.20181274414063,"y":-551.76171875,"z":746.614013671875},"rotation":{"x":-0.3106522262096405,"y":0.07154376804828644,"z":-0.023455116897821428,"w":-0.9475371241569519},"size":951.6488647460938,"orthographic":false}